gene	class	x	y
ACKR1	rhodopsin	470.48	194.63
ACKR2	rhodopsin	494.47	212.62
ACKR3	rhodopsin	469.73	218.37
ACKR4	rhodopsin	491.97	153.66
ADCYAP1R1	secretin	109.94	93.94
ADGRA1	adhesion	176.15	157.65
ADGRA2	adhesion	191.14	175.89
ADGRA3	adhesion	169.65	161.15
ADGRB1	adhesion	131.42	146.91
ADGRB2	adhesion	117.18	117.18
ADGRB3	adhesion	117.43	125.92
ADGRD1	adhesion	111.69	142.41
ADGRD2	adhesion	114.43	133.42
ADGRE1	adhesion	33.73	152.41
ADGRE2	adhesion	23.49	115.93
ADGRE3	adhesion	9.99	130.67
ADGRE4P	adhesion	21.49	141.41
ADGRE5	adhesion	51.72	158.90
ADGRF1	adhesion	74.96	188.89
ADGRF2	adhesion	34.73	171.90
ADGRF3	adhesion	125.93	189.88
ADGRF4	adhesion	33.23	182.14
ADGRF5	adhesion	97.94	189.64
ADGRG1	adhesion	83.95	213.37
ADGRG2	adhesion	125.18	200.38
ADGRG3	adhesion	145.42	210.37
ADGRG4	adhesion	107.94	197.38
ADGRG5	adhesion	84.95	224.11
ADGRG6	adhesion	142.42	198.63
ADGRG7	adhesion	134.92	214.62
ADGRL1	adhesion	38.60	107.68
ADGRL2	adhesion	51.72	77.95
ADGRL3	adhesion	36.98	90.69
ADGRL4	adhesion	55.47	128.92
ADGRV1	adhesion	227.62	188.64
ADORA1	rhodopsin	214.38	282.08
ADORA2A	rhodopsin	205.38	292.32
ADORA2B	rhodopsin	186.64	300.82
ADORA3	rhodopsin	225.87	285.58
ADRA1A	rhodopsin	190.14	467.22
ADRA1B	rhodopsin	175.65	466.22
ADRA1D	rhodopsin	169.15	459.97
ADRA2A	rhodopsin	218.37	500.70
ADRA2B	rhodopsin	238.11	476.71
ADRA2C	rhodopsin	231.37	510.44
ADRB1	rhodopsin	165.90	424.99
ADRB2	rhodopsin	173.65	434.49
ADRB3	rhodopsin	192.14	419.00
AGTR1	rhodopsin	492.22	231.11
AGTR2	rhodopsin	507.96	238.86
APLNR	rhodopsin	457.74	239.85
AVPR1A	rhodopsin	49.22	304.32
AVPR1B	rhodopsin	46.22	319.31
AVPR2	rhodopsin	75.71	326.30
BDKRB1	rhodopsin	515.45	258.09
BDKRB2	rhodopsin	514.45	245.23
BRS3	rhodopsin	88.45	336.55
C3AR1	rhodopsin	471.48	266.09
C5AR1	rhodopsin	483.22	280.33
C5AR2	rhodopsin	481.72	286.58
CALCR	secretin	221.87	116.93
CALCRL	secretin	205.38	108.18
CASR	glutamate	265.35	94.94
CCKAR	rhodopsin	158.41	266.84
CCKBR	rhodopsin	147.42	265.59
CCR1	rhodopsin	550.43	207.87
CCR10	rhodopsin	457.49	157.90
CCR2	rhodopsin	541.19	244.10
CCR3	rhodopsin	555.68	216.87
CCR4	rhodopsin	533.19	203.38
CCR5	rhodopsin	549.43	234.36
CCR6	rhodopsin	500.71	160.40
CCR7	rhodopsin	525.20	182.39
CCR8	rhodopsin	497.21	191.88
CCR9	rhodopsin	529.70	175.89
CCRL2	rhodopsin	530.44	195.38
CELSR1	adhesion	78.95	112.18
CELSR2	adhesion	87.70	96.19
CELSR3	adhesion	88.70	133.17
CHRM1	rhodopsin	261.60	491.70
CHRM2	rhodopsin	250.11	530.68
CHRM3	rhodopsin	263.10	517.94
CHRM4	rhodopsin	235.36	527.18
CHRM5	rhodopsin	270.84	503.44
CMKLR1	rhodopsin	479.97	293.57
CNR1	rhodopsin	170.40	339.54
CNR2	rhodopsin	158.16	327.30
CRHR1	secretin	185.89	112.93
CRHR2	secretin	194.64	101.94
CX3CR1	rhodopsin	504.46	195.63
CXCR1	rhodopsin	519.70	162.65
CXCR2	rhodopsin	519.20	154.91
CXCR3	rhodopsin	485.22	145.41
CXCR4	rhodopsin	473.98	172.15
CXCR5	rhodopsin	472.48	151.41
CXCR6	rhodopsin	521.95	170.90
CYSLTR1	rhodopsin	354.55	413.50
CYSLTR2	rhodopsin	346.80	413.50
DRD1	rhodopsin	205.88	410.25
DRD2	rhodopsin	277.34	477.71
DRD3	rhodopsin	282.84	460.97
DRD4	rhodopsin	275.09	447.48
DRD5	rhodopsin	216.63	402.51
EDNRA	rhodopsin	112.93	360.03
EDNRB	rhodopsin	121.93	370.03
F2R	rhodopsin	353.55	367.03
F2RL1	rhodopsin	355.05	378.02
F2RL2	rhodopsin	350.14	390.39
F2RL3	rhodopsin	343.86	402.84
FFAR1	rhodopsin	346.34	353.30
FFAR2	rhodopsin	340.38	367.84
FFAR3	rhodopsin	336.67	379.27
FFAR4	rhodopsin	351.34	345.06
FPR1	rhodopsin	536.19	291.07
FPR2	rhodopsin	534.69	306.81
FPR3	rhodopsin	522.70	281.33
FSHR	rhodopsin	492.97	318.56
FZD1	frizzled	341.30	42.72
FZD10	frizzled	375.28	111.68
FZD2	frizzled	366.29	32.73
FZD3	frizzled	377.28	58.21
FZD4	frizzled	327.56	119.93
FZD5	frizzled	400.14	99.56
FZD6	frizzled	400.02	80.70
FZD7	frizzled	354.05	25.73
FZD8	frizzled	391.03	93.44
FZD9	frizzled	371.54	122.68
GABBR1	glutamate	300.33	132.17
GABBR2	glutamate	301.33	109.18
GALR1	rhodopsin	364.79	215.37
GALR2	rhodopsin	385.78	216.62
GALR3	rhodopsin	386.53	222.62
GCGR	secretin	159.66	58.71
GHRHR	secretin	146.17	130.42
GHSR	rhodopsin	200.13	216.87
GIPR	secretin	152.16	59.71
GLP1R	secretin	143.17	56.22
GLP2R	secretin	125.43	50.72
GNRHR	rhodopsin	81.20	288.82
GNRHR2	rhodopsin	90.45	282.08
GPBAR1	rogues	56.17	488.89
GPER1	rhodopsin	466.23	212.12
GPR1	rhodopsin	462.73	283.58
GPR101	rhodopsin	389.78	303.32
GPR107	orphan	221.12	225.61
GPR108	orphan	217.38	233.61
GPR119	rhodopsin	274.09	299.82
GPR12	rhodopsin	178.65	329.30
GPR132	rhodopsin	357.79	458.22
GPR135	rogues	97.94	442.61
GPR137	orphan	253.85	250.60
GPR139	rogues	68.96	419.50
GPR141	rogues	105.44	452.60
GPR142	rogues	84.20	419.50
GPR143	orphan	260.62	222.73
GPR146	rogues	87.70	436.74
GPR148	rogues	108.56	462.59
GPR149	rogues	107.94	472.59
GPR15	rhodopsin	477.48	253.10
GPR150	rhodopsin	109.19	295.57
GPR151	rogues	97.70	489.62
GPR152	rogues	87.37	495.25
GPR153	rogues	121.07	481.37
GPR156	glutamate	288.08	159.90
GPR157	orphan	263.70	238.03
GPR158	glutamate	258.35	177.14
GPR160	rogues	76.46	496.32
GPR161	rhodopsin	391.52	296.07
GPR162	rogues	113.82	494.51
GPR17	rhodopsin	361.79	412.50
GPR171	rhodopsin	332.56	348.28
GPR173	rhodopsin	311.82	352.54
GPR174	rhodopsin	378.03	368.28
GPR176	rogues	64.70	494.51
GPR179	glutamate	259.35	167.15
GPR18	rhodopsin	369.04	312.81
GPR180	orphan	237.32	250.88
GPR182	rhodopsin	477.73	224.86
GPR183	rhodopsin	376.78	301.32
GPR19	rogues	47.19	471.57
GPR20	rhodopsin	407.85	382.30
GPR21	rhodopsin	196.14	373.77
GPR22	rogues	46.96	459.32
GPR25	rhodopsin	473.48	247.35
GPR26	rhodopsin	318.32	308.81
GPR27	rhodopsin	308.82	335.05
GPR3	rhodopsin	165.90	312.56
GPR31	rhodopsin	399.65	348.66
GPR32	rhodopsin	507.71	270.09
GPR32P1	rhodopsin	501.96	263.84
GPR33	rhodopsin	470.98	291.57
GPR34	rhodopsin	340.21	334.42
GPR35	rhodopsin	421.63	383.02
GPR37	rhodopsin	78.21	362.78
GPR37L1	rhodopsin	84.95	374.27
GPR39	rhodopsin	188.64	225.61
GPR4	rhodopsin	367.29	442.23
GPR42	rhodopsin	343.95	377.71
GPR45	rogues	41.46	495.10
GPR50	rhodopsin	224.12	337.55
GPR52	rhodopsin	192.89	367.03
GPR55	rhodopsin	422.51	371.27
GPR6	rhodopsin	163.16	322.30
GPR61	rhodopsin	321.07	328.30
GPR62	rhodopsin	326.06	323.05
GPR63	rogues	33.98	482.15
GPR65	rhodopsin	351.30	457.97
GPR68	rhodopsin	372.79	449.98
GPR75	rogues	52.07	447.84
GPR78	rhodopsin	310.07	293.32
GPR82	rhodopsin	377.03	310.56
GPR83	rhodopsin	136.67	247.10
GPR84	rogues	59.16	440.04
GPR85	rhodopsin	314.82	346.29
GPR87	rhodopsin	311.67	393.70
GPR88	rogues	68.07	435.46
GPRC5A	glutamate	247.86	162.90
GPRC5B	glutamate	258.10	136.67
GPRC5C	glutamate	252.35	144.66
GPRC5D	glutamate	247.11	154.41
GPRC6A	glutamate	274.84	85.20
GRM1	glutamate	266.60	68.71
GRM2	glutamate	249.11	26.98
GRM3	glutamate	254.60	44.72
GRM4	glutamate	209.13	41.72
GRM5	glutamate	259.35	62.21
GRM6	glutamate	194.14	54.47
GRM7	glutamate	214.38	12.24
GRM8	glutamate	238.86	13.49
GRPR	rhodopsin	96.19	349.79
HCAR1	rhodopsin	422.01	352.29
HCAR2	rhodopsin	432.63	356.91
HCAR3	rhodopsin	431.38	366.28
HCRTR1	rhodopsin	127.93	277.08
HCRTR2	rhodopsin	123.18	266.59
HRH1	rhodopsin	264.60	347.79
HRH2	rhodopsin	264.10	357.78
HRH3	rhodopsin	255.10	372.27
HRH4	rhodopsin	272.59	376.52
HTR1A	rhodopsin	220.62	467.72
HTR1B	rhodopsin	202.38	513.19
HTR1D	rhodopsin	194.39	507.69
HTR1E	rhodopsin	185.14	484.46
HTR1F	rhodopsin	186.89	497.20
HTR2A	rhodopsin	184.64	448.98
HTR2B	rhodopsin	203.13	438.98
HTR2C	rhodopsin	176.40	446.73
HTR4	rhodopsin	240.86	387.52
HTR5A	rhodopsin	214.38	449.23
HTR6	rhodopsin	235.36	405.75
HTR7	rhodopsin	203.13	458.22
KISS1R	rhodopsin	341.30	214.37
LGR4	rhodopsin	476.48	332.80
LGR5	rhodopsin	482.22	359.78
LGR6	rhodopsin	488.97	348.54
LHCGR	rhodopsin	507.96	328.30
LPAR1	rhodopsin	143.17	368.53
LPAR2	rhodopsin	162.41	382.02
LPAR3	rhodopsin	142.17	379.02
LPAR4	rhodopsin	422.62	408.20
LPAR5	rhodopsin	407.33	372.42
LPAR6	rhodopsin	412.26	413.25
LTB4R	rhodopsin	447.99	275.33
LTB4R2	rhodopsin	439.25	274.83
MAS1	rhodopsin	426.75	340.29
MAS1L	rhodopsin	419.01	339.54
MC1R	rhodopsin	190.14	316.81
MC2R	rhodopsin	207.88	322.80
MC3R	rhodopsin	172.65	285.08
MC4R	rhodopsin	168.15	304.32
MC5R	rhodopsin	161.66	291.32
MCHR1	rhodopsin	353.80	228.61
MCHR2	rhodopsin	357.29	235.86
MLNR	rhodopsin	205.38	226.86
MRGPRD	rhodopsin	451.37	327.93
MRGPRE	rhodopsin	441.75	317.31
MRGPRF	rhodopsin	435.00	335.55
MRGPRG	rhodopsin	439.12	310.81
MRGPRX1	rhodopsin	460.73	368.28
MRGPRX2	rhodopsin	454.99	341.04
MRGPRX3	rhodopsin	457.99	383.02
MRGPRX4	rhodopsin	450.99	390.51
MTNR1A	rhodopsin	199.64	350.54
MTNR1B	rhodopsin	214.38	345.04
NMBR	rhodopsin	123.18	325.05
NMUR1	rhodopsin	168.40	216.62
NMUR2	rhodopsin	156.66	224.11
NPBWR1	rhodopsin	374.03	194.38
NPBWR2	rhodopsin	357.04	188.39
NPFFR1	rhodopsin	95.20	257.59
NPFFR2	rhodopsin	80.20	271.34
NPSR1	rhodopsin	97.19	319.31
NPY1R	rhodopsin	128.43	223.36
NPY2R	rhodopsin	120.43	234.36
NPY4R	rhodopsin	142.04	223.99
NPY5R	rhodopsin	156.41	231.11
NPY6R	rhodopsin	117.18	227.36
NTSR1	rhodopsin	180.65	202.63
NTSR2	rhodopsin	190.89	208.12
OPN1LW	rhodopsin	149.91	410.50
OPN1MW	rhodopsin	151.91	417.00
OPN1SW	rhodopsin	175.65	411.50
OPN3	rhodopsin	194.64	398.26
OPN4	rhodopsin	216.88	380.77
OPN5	rhodopsin	209.88	379.52
OPRD1	rhodopsin	409.76	214.12
OPRK1	rhodopsin	406.27	202.13
OPRL1	rhodopsin	388.28	198.38
OPRM1	rhodopsin	422.76	207.62
OXER1	rhodopsin	411.01	350.29
OXGR1	rhodopsin	401.78	419.01
OXTR	rhodopsin	56.34	327.05
P2RY1	rhodopsin	390.73	393.48
P2RY10	rhodopsin	384.13	365.25
P2RY11	rhodopsin	383.36	379.86
P2RY12	rhodopsin	322.97	364.86
P2RY13	rhodopsin	322.29	373.86
P2RY14	rhodopsin	317.78	399.04
P2RY2	rhodopsin	392.21	427.60
P2RY4	rhodopsin	387.24	431.42
P2RY6	rhodopsin	388.94	414.20
P2RY8	rhodopsin	355.80	358.53
PRLHR	rhodopsin	129.68	238.11
PROKR1	rhodopsin	174.90	263.84
PROKR2	rhodopsin	183.52	261.84
PTAFR	rhodopsin	376.14	356.43
PTGDR	rhodopsin	304.08	364.53
PTGDR2	rhodopsin	479.72	260.09
PTGER1	rhodopsin	294.58	396.76
PTGER2	rhodopsin	308.32	379.27
PTGER3	rhodopsin	284.09	360.78
PTGER4	rhodopsin	282.59	335.05
PTGFR	rhodopsin	285.09	393.76
PTGIR	rhodopsin	303.08	354.78
PTH1R	secretin	173.40	70.46
PTH2R	secretin	166.65	66.71
QRFPR	rhodopsin	363.79	318.81
RGR	rhodopsin	226.62	374.27
RHO	rhodopsin	167.90	410.25
RRH	rhodopsin	203.88	394.01
RXFP1	rhodopsin	466.48	311.31
RXFP2	rhodopsin	461.23	305.07
RXFP3	rhodopsin	539.69	259.59
RXFP4	rhodopsin	535.07	265.46
S1PR1	rhodopsin	144.92	342.54
S1PR2	rhodopsin	147.67	349.79
S1PR3	rhodopsin	151.66	335.05
S1PR4	rhodopsin	163.91	358.28
S1PR5	rhodopsin	152.66	356.53
SCTR	secretin	142.92	120.43
SMO	frizzled	310.82	146.66
SSTR1	rhodopsin	401.52	178.39
SSTR2	rhodopsin	391.52	161.40
SSTR3	rhodopsin	412.26	159.15
SSTR4	rhodopsin	409.26	185.89
SSTR5	rhodopsin	420.51	166.15
SUCNR1	rhodopsin	402.52	408.00
TAAR1	rhodopsin	264.35	407.50
TAAR2	rhodopsin	261.85	421.99
TAAR3P	rhodopsin	244.61	428.24
TAAR5	rhodopsin	273.84	391.01
TAAR6	rhodopsin	284.59	433.99
TAAR8	rhodopsin	292.58	427.74
TAAR9	rhodopsin	284.84	414.75
TACR1	rhodopsin	79.20	248.85
TACR2	rhodopsin	116.68	247.85
TACR3	rhodopsin	67.46	234.61
TAS1R1	glutamate	309.82	42.22
TAS1R2	glutamate	284.34	60.21
TAS1R3	glutamate	295.08	32.48
TAS2R1	tas2	411.14	103.56
TAS2R10	tas2	456.74	109.31
TAS2R13	tas2	444.12	120.55
TAS2R14	tas2	455.11	120.30
TAS2R16	tas2	346.18	141.54
TAS2R19	tas2	486.60	93.57
TAS2R20	tas2	507.58	95.57
TAS2R3	tas2	425.38	114.31
TAS2R30	tas2	508.08	113.81
TAS2R31	tas2	521.33	125.80
TAS2R38	tas2	392.02	116.68
TAS2R39	tas2	439.75	96.57
TAS2R4	tas2	332.81	152.91
TAS2R40	tas2	434.13	87.32
TAS2R41	tas2	366.79	136.29
TAS2R42	tas2	407.39	129.92
TAS2R43	tas2	524.57	133.54
TAS2R45	tas2	509.33	104.31
TAS2R46	tas2	510.08	121.55
TAS2R5	tas2	366.41	143.91
TAS2R50	tas2	469.36	103.94
TAS2R60	tas2	358.17	132.92
TAS2R7	tas2	469.73	79.95
TAS2R8	tas2	455.36	82.33
TAS2R9	tas2	482.72	83.57
TBXA2R	rhodopsin	292.33	381.02
TMEM145	orphan	226.28	250.73
TMEM87A	orphan	235.86	238.61
TMEM87B	orphan	232.94	232.50
TPRA1	orphan	246.61	248.60
TRHR	rhodopsin	166.90	233.11
TSHR	rhodopsin	494.22	334.55
UTS2R	rhodopsin	316.82	235.86
VIPR1	secretin	124.93	106.44
VIPR2	secretin	123.43	74.95
XCR1	rhodopsin	495.96	219.12
