gene	name	class	uniprot	uniprot_entry	hgnc	chembl	x	y	angle
OR10A2	OR10A2	olfactory2	Q9H208	O10A2_HUMAN			358.67	254.85	57
OR10A3	OR10A3	olfactory2	P58181	O10A3_HUMAN			328.73	221.51	162
OR10A4	OR10A4	olfactory2	Q9H209	O10A4_HUMAN			362.92	241.69	30
OR10A5	OR10A5	olfactory2	Q9H207	O10A5_HUMAN			347.94	256.17	106
OR10A6	OR10A6	olfactory2	Q8NH74	O10A6_HUMAN			336.2	229.32	114
OR10A7	OR10A7	olfactory2	Q8NGE5	O10A7_HUMAN			340.72	237.72	129
OR10AC1	OR10AC1	olfactory2	Q8NH08	O10AC_HUMAN			398.01	197.72	41
OR10AD1	OR10AD1	olfactory2	Q8NGE0	O10AD_HUMAN			477.5	294.59	147
OR10AG1	OR10AG1	olfactory2	Q8NH19	O10AG_HUMAN			366.84	203.44	-17
OR10C1	OR10C1	olfactory2	Q96KK4	O10C1_HUMAN			373.51	215.56	11
OR10D3	OR10D3	olfactory2	Q8NH80	O10D3_HUMAN			358.59	327.54	91
OR10G2	OR10G2	olfactory2	Q8NGC3	O10G2_HUMAN			378.79	355.97	49
OR10G3	OR10G3	olfactory2	Q8NGC4	O10G3_HUMAN			368.37	358.85	97
OR10G4	OR10G4	olfactory2	Q8NGN3	O10G4_HUMAN			390.18	333.5	40
OR10G6	OR10G6	olfactory2	Q8NH81	O10G6_HUMAN			359.42	348.3	128
OR10G7	OR10G7	olfactory2	Q8NGN6	O10G7_HUMAN			394.94	342.17	24
OR10G8	OR10G8	olfactory2	Q8NGN5	O10G8_HUMAN			386.79	349.26	72
OR10G9	OR10G9	olfactory2	Q8NGN4	O10G9_HUMAN			392.83	323.03	-9
OR10H1	OR10H1	olfactory2	Q9Y4A9	O10H1_HUMAN			390.66	260.94	108
OR10H2	OR10H2	olfactory2	O60403	O10H2_HUMAN			405.53	246.35	29
OR10H3	OR10H3	olfactory2	O60404	O10H3_HUMAN			377.1	247.2	145
OR10H4	OR10H4	olfactory2	Q8NGA5	O10H4_HUMAN			386.52	252.48	97
OR10H5	OR10H5	olfactory2	Q8NGA6	O10H5_HUMAN			401.37	259.55	60
OR10J1	OR10J1	olfactory2	P30954	O10J1_HUMAN			427.54	217.1	48
OR10J3	OR10J3	olfactory2	Q5JRS4	O10J3_HUMAN			436.16	189.93	-44
OR10J4	OR10J4	olfactory2	P0C629	O10J4_HUMAN			439.5	200.2	5
OR10J5	OR10J5	olfactory2	Q8NHC4	O10J5_HUMAN			431.71	207.13	0
OR10K1	OR10K1	olfactory2	Q8NGX5	O10K1_HUMAN			384.48	233.86	100
OR10K2	OR10K2	olfactory2	Q6IF99	O10K2_HUMAN			375.61	227.69	148
OR10P1	OR10P1	olfactory2	Q8NGE3	O10P1_HUMAN			367.11	224.26	59
OR10Q1	OR10Q1	olfactory2	Q8NGQ4	O10Q1_HUMAN			418.8	189.41	17
OR10R2	OR10R2	olfactory2	Q8NGX6	O10R2_HUMAN			412.48	230.52	78
OR10S1	OR10S1	olfactory2	Q8NGN2	O10S1_HUMAN			357.79	339.12	124
OR10T2	OR10T2	olfactory2	Q8NGX3	O10T2_HUMAN			421.04	223.93	30
OR10V1	OR10V1	olfactory2	Q8NGI7	O10V1_HUMAN			417.1	178.74	-32
OR10W1	OR10W1	olfactory2	Q8NGF6	O10W1_HUMAN			407.32	197.13	44
OR10X1	OR10X1	olfactory2	Q8NGY0	O10X1_HUMAN			401.63	233.91	47
OR10Z1	OR10Z1	olfactory2	Q8NGY1	O10Z1_HUMAN			400.21	224.12	106
OR11A1	OR11A1	olfactory2	Q9GZK7	O11A1_HUMAN			314.69	201.73	87
OR11G2	OR11G2	olfactory2	Q8NGC1	O11G2_HUMAN			295.22	196.72	169
OR11H1	OR11H1	olfactory2	Q8NG94	O11H1_HUMAN			282.1	219.8	123
OR11H12	OR11H12	olfactory2	B2RN74	O11HC_HUMAN			283.44	201.89	-170
OR11H2	OR11H2	olfactory2	Q8NH07	O11H2_HUMAN			276.52	210.55	172
OR11H4	OR11H4	olfactory2	Q8NGC9	O11H4_HUMAN			296.19	228.8	120
OR11H6	OR11H6	olfactory2	Q8NGC7	O11H6_HUMAN			291.42	215.82	148
OR11H7	OR11H7	olfactory2	Q8NGC8	O11H7_HUMAN			306.96	229.69	72
OR11L1	OR11L1	olfactory2	Q8NGX0	O11L1_HUMAN			306.28	187.79	153
OR12D1	OR12D1	olfactory2	P0DN82	O12D1_HUMAN			331.67	355.89	147
OR12D2	OR12D2	olfactory2	P58182	O12D2_HUMAN			340.91	361.49	99
OR12D3	OR12D3	olfactory2	Q9UGF7	O12D3_HUMAN			333.21	342.14	175
OR13A1	OR13A1	olfactory2	Q8NGR1	O13A1_HUMAN			280.16	267.64	132
OR13C2	OR13C2	olfactory2	Q8NGS9	O13C2_HUMAN			574.7	334.45	7
OR13C3	OR13C3	olfactory2	Q8NGS6	O13C3_HUMAN			569.54	365.32	43
OR13C4	OR13C4	olfactory2	Q8NGS5	O13C4_HUMAN			559.47	369.24	91
OR13C5	OR13C5	olfactory2	Q8NGS8	O13C5_HUMAN			571.33	324.19	-41
OR13C7	OR13C7	olfactory2	P0DN81	O13C7_HUMAN			585.74	353.89	-2
OR13C8	OR13C8	olfactory2	Q8NGS7	O13C8_HUMAN			576.46	343.63	-30
OR13C9	OR13C9	olfactory2	Q8NGT0	O13C9_HUMAN			564.59	343.9	35
OR13D1	OR13D1	olfactory2	Q8NGV5	O13D1_HUMAN			550.83	330.65	-2
OR13F1	OR13F1	olfactory2	Q8NGS4	O13F1_HUMAN			528.53	355.89	108
OR13G1	OR13G1	olfactory2	Q8NGZ3	O13G1_HUMAN			276.06	257.65	-180
OR13H1	OR13H1	olfactory2	Q8NG92	O13H1_HUMAN			505.94	295.17	32
OR13J1	OR13J1	olfactory2	Q8NGT2	O13J1_HUMAN			521.14	344.19	136
OR14A16	OR14A16	olfactory2	Q8NHC5	O14AG_HUMAN			315.42	315.66	145
OR14A2	OR14A2	olfactory2	Q96R54	O14A2_HUMAN			311.47	324.2	159
OR14C36	OR14C36	olfactory2	Q8NHC7	O14CZ_HUMAN			333.53	296.14	-178
OR14I1	OR14I1	olfactory2	A6ND48	O14I1_HUMAN			339.37	315.68	98
OR14J1	OR14J1	olfactory2	Q9UGF5	O14J1_HUMAN			313.59	305.02	-167
OR14K1	OR14K1	olfactory2	Q8NGZ2	O14K1_HUMAN			319.31	331.65	111
OR14L1	OR14L1	olfactory2	Q8NHC6	O14L1_HUMAN			332.17	326.56	80
OR1A1	OR1A1	olfactory2	Q9P1Q5	OR1A1_HUMAN			303.9	316.04	58
OR1A2	OR1A2	olfactory2	Q9Y585	OR1A2_HUMAN			293.18	317.36	106
OR1B1	OR1B1	olfactory2	Q8NGR6	OR1B1_HUMAN			486.64	300.34	99
OR1C1	OR1C1	olfactory2	Q15619	OR1C1_HUMAN			294.7	332.91	57
OR1D2	OR1D2	olfactory2	P34982	OR1D2_HUMAN			189.43	344.07	-158
OR1D4	OR1D4	olfactory2	P47884	OR1D4_HUMAN			181.76	355.58	174
OR1D5	OR1D5	olfactory2	P58170	OR1D5_HUMAN			187.4	364.8	126
OR1E1	OR1E1	olfactory2	P30953	OR1E1_HUMAN			247.16	356.14	97
OR1E2	OR1E2	olfactory2	P47887	OR1E2_HUMAN			257.41	352.72	49
OR1E3	OR1E3	olfactory2	Q8WZA6	OR1E3_HUMAN			258.96	338.97	18
OR1F1	OR1F1	olfactory2	O43749	OR1F1_HUMAN			283.98	334.25	106
OR1G1	OR1G1	olfactory2	P47890	OR1G1_HUMAN			278.72	359.16	73
OR1I1	OR1I1	olfactory2	O60431	OR1I1_HUMAN			265.13	345.62	148
OR1J1	OR1J1	olfactory2	Q8NGS3	OR1J1_HUMAN			223.87	349.58	144
OR1J2	OR1J2	olfactory2	Q8NGS2	OR1J2_HUMAN			233.31	354.84	96
OR1J4	OR1J4	olfactory2	Q8NGS1	OR1J4_HUMAN			224.9	335.78	172
OR1K1	OR1K1	olfactory2	Q8NGR3	OR1K1_HUMAN			313.36	289.06	41
OR1L1	OR1L1	olfactory2	Q8NH94	OR1L1_HUMAN			259.88	297.93	178
OR1L3	OR1L3	olfactory2	Q8NH93	OR1L3_HUMAN			264.86	307.52	130
OR1L4	OR1L4	olfactory2	Q8NGR5	OR1L4_HUMAN			266.41	291.14	164
OR1L6	OR1L6	olfactory2	Q8NGR2	OR1L6_HUMAN			267.44	281.76	-154
OR1L8	OR1L8	olfactory2	Q8NGR8	OR1L8_HUMAN			278.68	306.91	99
OR1M1	OR1M1	olfactory2	Q8NGA1	OR1M1_HUMAN			203.29	340.8	134
OR1N1	OR1N1	olfactory2	Q8NGS0	OR1N1_HUMAN			191.62	333.36	162
OR1N2	OR1N2	olfactory2	Q8NGR9	OR1N2_HUMAN			215.16	353.31	88
OR1P1	OR1P1	olfactory2	Q8NH06	OR1P1_HUMAN			193.06	322.65	-150
OR1Q1	OR1Q1	olfactory2	Q15612	OR1Q1_HUMAN			303.43	293.32	89
OR1S1	OR1S1	olfactory2	Q8NH92	OR1S1_HUMAN			209.99	366.92	78
OR1S2	OR1S2	olfactory2	Q8NGQ3	OR1S2_HUMAN			199.46	364.51	126
OR2A1	OR2A1	olfactory2	Q8NGT9	OR2A1_HUMAN			546.96	287.68	-35
OR2A12	OR2A12	olfactory2	Q8NGT7	O2A12_HUMAN			565.9	290.6	-40
OR2A14	OR2A14	olfactory2	Q96R47	O2A14_HUMAN			576.71	299.23	-12
OR2A2	OR2A2	olfactory2	Q6IF42	OR2A2_HUMAN			574.14	309.73	36
OR2A25	OR2A25	olfactory2	A4D2G3	O2A25_HUMAN			524.72	314.32	116
OR2A4	OR2A4	olfactory2	O95047	OR2A4_HUMAN			535.59	322.88	88
OR2A5	OR2A5	olfactory2	Q96R48	OR2A5_HUMAN			556.67	289.24	-36
OR2A7	OR2A7	olfactory2	Q96R45	OR2A7_HUMAN			545.23	317.99	40
OR2AE1	OR2AE1	olfactory2	Q8NHA4	O2AE1_HUMAN			431.4	312.07	60
OR2AG1	OR2AG1	olfactory2	Q9H205	O2AG1_HUMAN			399.29	315.95	133
OR2AG2	OR2AG2	olfactory2	A6NM03	O2AG2_HUMAN			409.61	319.17	85
OR2AJ1	OR2AJ1	olfactory2	Q8NGZ0	O2AJ1_HUMAN			444.93	297.2	-22
OR2AK2	OR2AK2	olfactory2	Q8NG84	O2AK2_HUMAN			446.1	317.57	62
OR2AP1	OR2AP1	olfactory2	Q8NGE2	O2AP1_HUMAN			228.8	156.52	100
OR2AT4	OR2AT4	olfactory2	A6NND4	O2AT4_HUMAN			300.91	84.66	142
OR2B11	OR2B11	olfactory2	Q5JQS5	OR2BB_HUMAN			529.23	384.34	58
OR2B2	OR2B2	olfactory2	Q9GZK3	OR2B2_HUMAN			551.2	372.82	-14
OR2B3	OR2B3	olfactory2	O76000	OR2B3_HUMAN			541.0	365.72	-36
OR2B6	OR2B6	olfactory2	P58173	OR2B6_HUMAN			549.01	383.4	34
OR2C1	OR2C1	olfactory2	O95371	OR2C1_HUMAN			523.23	399.94	85
OR2C3	OR2C3	olfactory2	Q8N628	OR2C3_HUMAN			494.92	412.58	136
OR2D2	OR2D2	olfactory2	Q9H210	OR2D2_HUMAN			501.13	308.13	60
OR2D3	OR2D3	olfactory2	Q8NGH3	OR2D3_HUMAN			490.35	308.99	108
OR2F1	OR2F1	olfactory2	Q13607	OR2F1_HUMAN			476.2	284.42	133
OR2F2	OR2F2	olfactory2	O95006	OR2F2_HUMAN			472.27	274.35	-179
OR2G2	OR2G2	olfactory2	Q8NGZ5	OR2G2_HUMAN			505.05	416.35	88
OR2G3	OR2G3	olfactory2	Q8NGZ4	OR2G3_HUMAN			486.4	409.49	132
OR2G6	OR2G6	olfactory2	Q5TZ20	OR2G6_HUMAN			482.21	399.53	180
OR2H1	OR2H1	olfactory2	Q9GZK4	OR2H1_HUMAN			536.96	401.66	57
OR2H2	OR2H2	olfactory2	O95918	OR2H2_HUMAN			542.69	392.5	9
OR2J1	OR2J1	olfactory2	Q9GZK6	OR2J1_HUMAN			524.75	441.71	92
OR2J2	OR2J2	olfactory2	O76002	OR2J2_HUMAN			534.62	437.31	43
OR2J3	OR2J3	olfactory2	O76001	OR2J3_HUMAN			514.33	432.61	119
OR2K2	OR2K2	olfactory2	Q8NGT1	OR2K2_HUMAN			539.25	354.5	60
OR2L13	OR2L13	olfactory2	Q8N349	OR2LD_HUMAN			459.76	301.86	-25
OR2L2	OR2L2	olfactory2	Q8NH16	OR2L2_HUMAN			475.76	314.72	22
OR2L3	OR2L3	olfactory2	Q8NG85	OR2L3_HUMAN			476.36	323.76	18
OR2L5	OR2L5	olfactory2	Q8NG80	OR2L5_HUMAN			475.15	303.93	-26
OR2L8	OR2L8	olfactory2	Q8NGY9	OR2L8_HUMAN			468.91	331.59	66
OR2M2	OR2M2	olfactory2	Q96R28	OR2M2_HUMAN			421.75	367.0	151
OR2M3	OR2M3	olfactory2	Q8NG83	OR2M3_HUMAN			433.64	380.22	73
OR2M4	OR2M4	olfactory2	Q96R27	OR2M4_HUMAN			447.42	360.76	36
OR2M5	OR2M5	olfactory2	A3KFT3	OR2M5_HUMAN			421.54	386.93	101
OR2M7	OR2M7	olfactory2	Q8NG81	OR2M7_HUMAN			412.81	380.56	149
OR2S2	OR2S2	olfactory2	Q9NQN1	OR2S1_HUMAN			581.51	363.84	46
OR2T1	OR2T1	olfactory2	O43869	OR2T1_HUMAN			493.67	367.64	82
OR2T10	OR2T10	olfactory2	Q8NGZ9	O2T10_HUMAN			478.01	353.03	38
OR2T11	OR2T11	olfactory2	Q8NH01	O2T11_HUMAN			487.2	321.42	-73
OR2T12	OR2T12	olfactory2	Q8NG77	O2T12_HUMAN			426.28	349.44	86
OR2T2	OR2T2	olfactory2	Q6IF00	OR2T2_HUMAN			504.54	332.95	3
OR2T27	OR2T27	olfactory2	Q8NH04	O2T27_HUMAN			504.3	352.86	36
OR2T29	OR2T29	olfactory2	Q8NH02	O2T29_HUMAN			475.97	380.58	90
OR2T3	OR2T3	olfactory2	Q8NH03	OR2T3_HUMAN			466.02	373.76	88
OR2T33	OR2T33	olfactory2	Q8NG76	O2T33_HUMAN			412.97	353.22	114
OR2T34	OR2T34	olfactory2	Q8NGX1	O2T34_HUMAN			455.88	370.03	136
OR2T35	OR2T35	olfactory2	Q8NGX2	O2T35_HUMAN			501.89	323.9	-38
OR2T4	OR2T4	olfactory2	Q8NH00	OR2T4_HUMAN			485.58	362.1	11
OR2T5	OR2T5	olfactory2	Q6IEZ7	OR2T5_HUMAN			485.72	375.93	42
OR2T6	OR2T6	olfactory2	Q8NHC8	OR2T6_HUMAN			502.75	361.78	34
OR2T7	OR2T7	olfactory2	P0C7T2	OR2T7_HUMAN			506.25	342.23	-12
OR2T8	OR2T8	olfactory2	A6NH00	OR2T8_HUMAN			405.92	345.03	162
OR2V1	OR2V1	olfactory2	Q8NHB1	OR2V1_HUMAN			454.46	342.21	1
OR2V2	OR2V2	olfactory2	Q96R30	OR2V2_HUMAN			449.67	351.89	49
OR2W1	OR2W1	olfactory2	Q9Y3N9	OR2W1_HUMAN			537.65	410.67	7
OR2W3	OR2W3	olfactory2	Q7Z3T1	OR2W3_HUMAN			533.18	418.98	48
OR2Y1	OR2Y1	olfactory2	Q8NGV0	OR2Y1_HUMAN			510.21	424.52	125
OR2Z1	OR2Z1	olfactory2	Q8NG97	OR2Z1_HUMAN			397.47	302.24	161
OR3A1	OR3A1	olfactory2	P47881	OR3A1_HUMAN			307.77	273.79	115
OR3A2	OR3A2	olfactory2	P47893	OR3A2_HUMAN			318.92	281.98	86
OR3A3	OR3A3	olfactory2	P47888	OR3A3_HUMAN			328.39	276.77	39
OR4A15	OR4A15	olfactory2	Q8NGL6	O4A15_HUMAN			367.69	429.59	84
OR4A16	OR4A16	olfactory2	Q8NH70	O4A16_HUMAN			391.4	443.24	64
OR4A47	OR4A47	olfactory2	Q6IF82	O4A47_HUMAN			386.34	418.95	-7
OR4A5	OR4A5	olfactory2	Q8NH83	OR4A5_HUMAN			377.97	439.89	92
OR4A8	OR4A8	olfactory2	P0C604	OR4A8_HUMAN			398.18	434.83	16
OR4B1	OR4B1	olfactory2	Q8NGF8	OR4B1_HUMAN			367.16	392.08	39
OR4C11	OR4C11	olfactory2	Q6IEV9	OR4CB_HUMAN			351.46	419.73	97
OR4C12	OR4C12	olfactory2	Q96R67	OR4CC_HUMAN			336.85	443.39	177
OR4C13	OR4C13	olfactory2	Q8NGP0	OR4CD_HUMAN			343.86	463.01	101
OR4C15	OR4C15	olfactory2	Q8NGM1	OR4CF_HUMAN			337.95	428.58	168
OR4C16	OR4C16	olfactory2	Q8NGL9	OR4CG_HUMAN			342.31	413.97	145
OR4C3	OR4C3	olfactory2	Q8NH37	OR4C3_HUMAN			344.02	437.52	120
OR4C45	OR4C45	olfactory2	A6NMZ5	O4C45_HUMAN			360.63	464.92	95
OR4C46	OR4C46	olfactory2	A6NHA9	O4C46_HUMAN			334.83	457.08	149
OR4C5	OR4C5	olfactory2	Q8NGB2	OR4C5_HUMAN			370.76	461.17	47
OR4C6	OR4C6	olfactory2	Q8NH72	OR4C6_HUMAN			371.86	447.38	16
OR4D1	OR4D1	olfactory2	Q15615	OR4D1_HUMAN			287.13	442.89	83
OR4D10	OR4D10	olfactory2	Q8NGI6	OR4DA_HUMAN			259.93	418.31	-145
OR4D11	OR4D11	olfactory2	Q8NGI4	OR4DB_HUMAN			253.32	438.07	139
OR4D2	OR4D2	olfactory2	P58180	OR4D2_HUMAN			276.9	439.42	131
OR4D5	OR4D5	olfactory2	Q8NGN0	OR4D5_HUMAN			283.34	413.28	-157
OR4D6	OR4D6	olfactory2	Q8NGJ1	OR4D6_HUMAN			269.02	416.19	-149
OR4D9	OR4D9	olfactory2	Q8NGE8	OR4D9_HUMAN			249.89	427.82	-173
OR4E1	OR4E1	olfactory2	P0C645	OR4E1_HUMAN			368.42	368.18	31
OR4E2	OR4E2	olfactory2	Q8NGC2	OR4E2_HUMAN			359.46	374.22	79
OR4F15	OR4F15	olfactory2	Q8NGB8	O4F15_HUMAN			367.31	479.47	-3
OR4F17	OR4F17	olfactory2	Q8NGA8	O4F17_HUMAN			345.5	500.91	90
OR4F21	OR4F21	olfactory2	O95013	O4F21_HUMAN			368.68	495.42	56
OR4F3	OR4F3	olfactory2	Q6IEY1	OR4F3_HUMAN			374.12	486.08	8
OR4F4	OR4F4	olfactory2	Q96R69	OR4F4_HUMAN			355.27	496.3	42
OR4F5	OR4F5	olfactory2	Q8NH21	OR4F5_HUMAN			334.87	492.05	118
OR4F6	OR4F6	olfactory2	Q8NGB9	OR4F6_HUMAN			359.3	474.14	-7
OR4K1	OR4K1	olfactory2	Q8NGD4	OR4K1_HUMAN			314.24	476.65	166
OR4K13	OR4K13	olfactory2	Q8NH42	OR4KD_HUMAN			322.65	521.34	58
OR4K14	OR4K14	olfactory2	Q8NGD5	OR4KE_HUMAN			295.7	506.54	-177
OR4K15	OR4K15	olfactory2	Q8NH41	OR4KF_HUMAN			298.91	491.71	179
OR4K17	OR4K17	olfactory2	Q8NGC6	OR4KH_HUMAN			309.19	484.33	164
OR4K2	OR4K2	olfactory2	Q8NGD2	OR4K2_HUMAN			300.62	526.79	104
OR4K3	OR4K3	olfactory2	Q96R72	OR4K3_HUMAN			292.26	519.94	152
OR4K5	OR4K5	olfactory2	Q8NGD3	OR4K5_HUMAN			303.28	501.59	130
OR4L1	OR4L1	olfactory2	Q8NH43	OR4L1_HUMAN			311.91	522.54	106
OR4M1	OR4M1	olfactory2	Q8NGD0	OR4M1_HUMAN			302.52	457.63	112
OR4M2	OR4M2	olfactory2	Q8NGB6	OR4M2_HUMAN			314.03	465.31	84
OR4M2B	OR4M2B	olfactory2	A0A0X1KG70	ORM2B_HUMAN			323.25	459.68	36
OR4N2	OR4N2	olfactory2	Q8NGD1	OR4N2_HUMAN			283.18	460.62	162
OR4N4	OR4N4	olfactory2	Q8N0Y3	OR4N4_HUMAN			294.9	477.84	83
OR4N4C	OR4N4C	olfactory2	A0A096LPK9	ORN4C_HUMAN			284.67	474.38	131
OR4N5	OR4N5	olfactory2	Q8IXE1	OR4N5_HUMAN			286.99	452.11	158
OR4P4	OR4P4	olfactory2	Q8NGL7	OR4P4_HUMAN			335.6	398.61	143
OR4Q2	OR4Q2	olfactory2	P0C623	OR4Q2_HUMAN			313.01	440.39	50
OR4Q3	OR4Q3	olfactory2	Q8NH05	OR4Q3_HUMAN			317.36	414.95	63
OR4S1	OR4S1	olfactory2	Q8NGB4	OR4S1_HUMAN			336.24	384.79	171
OR4S2	OR4S2	olfactory2	Q8NH73	OR4S2_HUMAN			345.18	403.61	95
OR4X1	OR4X1	olfactory2	Q8NH49	OR4X1_HUMAN			375.74	402.51	21
OR4X2	OR4X2	olfactory2	Q8NGF9	OR4X2_HUMAN			367.95	410.0	69
OR51A2	OR51A2	olfactory1	Q8NGJ7	O51A2_HUMAN			508.77	11.34	-46
OR51A4	OR51A4	olfactory1	Q8NGJ6	O51A4_HUMAN			498.49	8.0	-95
OR51A7	OR51A7	olfactory1	Q8NH64	O51A7_HUMAN			510.42	25.08	-19
OR51B2	OR51B2	olfactory1	Q9Y5P1	O51B2_HUMAN			485.84	104.26	98
OR51B4	OR51B4	olfactory1	Q9Y5P0	O51B4_HUMAN			496.15	101.03	50
OR51B5	OR51B5	olfactory1	Q9H339	O51B5_HUMAN			474.59	84.91	122
OR51B6	OR51B6	olfactory1	Q9H340	O51B6_HUMAN			476.53	94.03	126
OR51D1	OR51D1	olfactory1	Q8NGF3	O51D1_HUMAN			457.98	57.37	80
OR51E1	OR51E1	olfactory1	Q8TCB6	O51E1_HUMAN			447.34	50.95	102
OR51E2	OR51E2	olfactory1	Q9H255	O51E2_HUMAN			466.75	51.05	32
OR51F1	OR51F1	olfactory1	A6NGY5	O51F1_HUMAN			506.79	61.71	-2
OR51F2	OR51F2	olfactory1	Q8NH61	O51F2_HUMAN			502.54	71.64	46
OR51G1	OR51G1	olfactory1	Q8NGK1	O51G1_HUMAN			510.2	50.69	31
OR51G2	OR51G2	olfactory1	Q8NGK0	O51G2_HUMAN			466.68	28.3	-18
OR51H1	OR51H1	olfactory1	Q8NH63	O51H1_HUMAN			491.72	28.58	1
OR51I1	OR51I1	olfactory1	Q9H343	O51I1_HUMAN			533.82	26.73	-43
OR51I2	OR51I2	olfactory1	Q9H344	O51I2_HUMAN			536.95	37.07	6
OR51J1	OR51J1	olfactory1	Q9H342	O51J1_HUMAN			520.12	24.8	-70
OR51L1	OR51L1	olfactory1	Q8NGJ5	O51L1_HUMAN			487.26	18.74	-47
OR51M1	OR51M1	olfactory1	Q9H341	O51M1_HUMAN			520.02	47.35	29
OR51Q1	OR51Q1	olfactory1	Q8NH59	O51Q1_HUMAN			507.54	34.08	-16
OR51S1	OR51S1	olfactory1	Q8NGJ8	O51S1_HUMAN			482.68	39.06	29
OR51T1	OR51T1	olfactory1	Q8NGJ9	O51T1_HUMAN			497.55	51.42	-30
OR51V1	OR51V1	olfactory1	Q9H2C8	O51V1_HUMAN			472.4	75.32	121
OR52A1	OR52A1	olfactory1	Q9UKL2	O52A1_HUMAN			416.53	79.5	91
OR52A5	OR52A5	olfactory1	Q9H2C5	O52A5_HUMAN			425.04	83.71	66
OR52B2	OR52B2	olfactory1	Q96RD2	O52B2_HUMAN			363.63	117.03	70
OR52B4	OR52B4	olfactory1	Q8NGK2	O52B4_HUMAN			380.82	111.02	24
OR52B6	OR52B6	olfactory1	Q8NGF0	O52B6_HUMAN			372.63	118.07	72
OR52D1	OR52D1	olfactory1	Q9H346	O52D1_HUMAN			354.3	101.49	106
OR52E1	OR52E1	olfactory1	Q8NGJ3	O52E1_HUMAN			409.51	86.01	20
OR52E2	OR52E2	olfactory1	Q8NGJ4	O52E2_HUMAN			408.58	75.24	-28
OR52E4	OR52E4	olfactory1	Q8NGH9	O52E4_HUMAN			387.65	93.31	48
OR52E5	OR52E5	olfactory1	Q8NH55	O52E5_HUMAN			397.5	92.89	48
OR52E6	OR52E6	olfactory1	Q96RD3	O52E6_HUMAN			382.89	65.23	-65
OR52E8	OR52E8	olfactory1	Q6IFG1	O52E8_HUMAN			389.78	73.55	-17
OR52H1	OR52H1	olfactory1	Q8NGJ2	O52H1_HUMAN			352.88	115.88	119
OR52I1	OR52I1	olfactory1	Q8NGK6	O52I1_HUMAN			346.8	58.18	-52
OR52I2	OR52I2	olfactory1	Q8NH67	O52I2_HUMAN			351.74	67.79	-5
OR52J3	OR52J3	olfactory1	Q8NH60	O52J3_HUMAN			373.21	72.19	-39
OR52K1	OR52K1	olfactory1	Q8NGK4	O52K1_HUMAN			451.75	12.18	-61
OR52K2	OR52K2	olfactory1	Q8NGK3	O52K2_HUMAN			458.04	20.96	-13
OR52L1	OR52L1	olfactory1	Q8NGH7	O52L1_HUMAN			439.26	45.04	-28
OR52M1	OR52M1	olfactory1	Q8NGK5	O52M1_HUMAN			441.72	36.38	32
OR52N1	OR52N1	olfactory1	Q8NH53	O52N1_HUMAN			442.84	66.52	-3
OR52N2	OR52N2	olfactory1	Q8NGI0	O52N2_HUMAN			446.45	79.88	24
OR52N4	OR52N4	olfactory1	Q8NGI2	O52N4_HUMAN			427.16	74.9	75
OR52N5	OR52N5	olfactory1	Q8NH56	O52N5_HUMAN			438.18	86.83	73
OR52P1	OR52P1	olfactory1	Q8NH57	O52P1_HUMAN			433.49	21.15	-34
OR52R1	OR52R1	olfactory1	Q8NGF1	O52R1_HUMAN			426.44	39.83	-56
OR52W1	OR52W1	olfactory1	Q6IF63	O52W1_HUMAN			439.77	55.84	20
OR56A1	OR56A1	olfactory1	Q8NGH5	O56A1_HUMAN			344.63	99.99	32
OR56A3	OR56A3	olfactory1	Q8NH54	O56A3_HUMAN			345.59	86.73	8
OR56A4	OR56A4	olfactory1	Q8NGH8	O56A4_HUMAN			339.97	113.01	60
OR56A5	OR56A5	olfactory1	P0C7T3	O56A5_HUMAN			329.21	113.98	108
OR56B1	OR56B1	olfactory1	Q8NGI3	O56B1_HUMAN			328.17	99.81	76
OR56B4	OR56B4	olfactory1	Q8NH76	O56B4_HUMAN			317.58	97.65	124
OR5A1	OR5A1	olfactory2	Q8NGJ0	OR5A1_HUMAN			250.23	257.94	154
OR5A2	OR5A2	olfactory2	Q8NGI9	OR5A2_HUMAN			264.32	273.28	78
OR5AC1	OR5AC1	olfactory2	P0C628	O5AC1_HUMAN			151.3	279.58	-142
OR5AC2	OR5AC2	olfactory2	Q9NZP5	O5AC2_HUMAN			148.99	290.14	170
OR5AK2	OR5AK2	olfactory2	Q8NH90	O5AK2_HUMAN			153.98	234.75	-163
OR5AL1	OR5AL1	olfactory2	P0C617	O5AL1_HUMAN			121.75	261.25	128
OR5AN1	OR5AN1	olfactory2	Q8NGI8	O5AN1_HUMAN			253.69	271.33	126
OR5AP2	OR5AP2	olfactory2	Q8NGF4	O5AP2_HUMAN			206.41	278.23	114
OR5AR1	OR5AR1	olfactory2	Q8NGP9	O5AR1_HUMAN			217.51	291.42	22
OR5AS1	OR5AS1	olfactory2	Q8N127	O5AS1_HUMAN			190.36	297.96	108
OR5AU1	OR5AU1	olfactory2	Q8NGC0	O5AU1_HUMAN			71.33	210.18	-154
OR5B12	OR5B12	olfactory2	Q96R08	OR5BC_HUMAN			111.64	194.66	163
OR5B17	OR5B17	olfactory2	Q8NGF7	OR5BH_HUMAN			97.3	180.99	-173
OR5B2	OR5B2	olfactory2	Q96R09	OR5B2_HUMAN			114.94	172.88	-103
OR5B21	OR5B21	olfactory2	A6NL26	O5B21_HUMAN			128.24	181.06	-106
OR5B3	OR5B3	olfactory2	Q8NH48	OR5B3_HUMAN			102.59	171.56	-125
OR5C1	OR5C1	olfactory2	Q8NGR4	OR5C1_HUMAN			209.01	307.24	89
OR5D13	OR5D13	olfactory2	Q8NGL4	OR5DD_HUMAN			78.83	185.26	-146
OR5D14	OR5D14	olfactory2	Q8NGL3	OR5DE_HUMAN			77.17	195.94	166
OR5D16	OR5D16	olfactory2	Q8NGK9	OR5DG_HUMAN			89.05	170.19	-99
OR5D18	OR5D18	olfactory2	Q8NGL1	OR5DI_HUMAN			80.13	176.29	-147
OR5F1	OR5F1	olfactory2	O95221	OR5F1_HUMAN			141.96	251.53	165
OR5G3	OR5G3	olfactory2	P0C626	OR5G3_HUMAN			210.39	244.57	-130
OR5H1	OR5H1	olfactory2	A6NKK0	OR5H1_HUMAN			125.92	311.73	154
OR5H14	OR5H14	olfactory2	A6NHG9	O5H14_HUMAN			132.89	317.51	156
OR5H15	OR5H15	olfactory2	A6NDH6	O5H15_HUMAN			125.34	300.94	-158
OR5H2	OR5H2	olfactory2	Q8NGV7	OR5H2_HUMAN			150.45	299.1	171
OR5H6	OR5H6	olfactory2	Q8NGV6	OR5H6_HUMAN			141.15	324.48	107
OR5H8	OR5H8	olfactory2	P0DN80	OR5H8_HUMAN			154.64	315.12	103
OR5I1	OR5I1	olfactory2	Q13606	OR5I1_HUMAN			182.5	290.55	156
OR5J2	OR5J2	olfactory2	Q8NH18	OR5J2_HUMAN			214.86	272.9	114
OR5K1	OR5K1	olfactory2	Q8NHB7	OR5K1_HUMAN			173.86	314.24	88
OR5K2	OR5K2	olfactory2	Q8NHB8	OR5K2_HUMAN			163.94	309.94	136
OR5K3	OR5K3	olfactory2	A6NET4	OR5K3_HUMAN			182.14	317.92	92
OR5K4	OR5K4	olfactory2	A6NMS3	OR5K4_HUMAN			192.06	313.64	44
OR5L1	OR5L1	olfactory2	Q8NGL2	OR5L1_HUMAN			84.83	201.08	-175
OR5L2	OR5L2	olfactory2	Q8NGL0	OR5L2_HUMAN			88.71	211.16	136
OR5M1	OR5M1	olfactory2	Q8NGP8	OR5M1_HUMAN			116.69	226.75	-144
OR5M10	OR5M10	olfactory2	Q6IEU7	OR5MA_HUMAN			114.6	237.35	168
OR5M11	OR5M11	olfactory2	Q96RB7	OR5MB_HUMAN			125.78	245.49	138
OR5M3	OR5M3	olfactory2	Q8NGP4	OR5M3_HUMAN			127.02	212.85	-118
OR5M8	OR5M8	olfactory2	Q8NGP6	OR5M8_HUMAN			142.25	217.5	-77
OR5M9	OR5M9	olfactory2	Q8NGP3	OR5M9_HUMAN			118.78	217.29	-153
OR5P2	OR5P2	olfactory2	Q8WZ92	OR5P2_HUMAN			198.76	248.95	-152
OR5P3	OR5P3	olfactory2	Q8WZ94	OR5P3_HUMAN			198.28	259.74	160
OR5T1	OR5T1	olfactory2	Q8NG75	OR5T1_HUMAN			164.13	265.36	-142
OR5T2	OR5T2	olfactory2	Q8NGG2	OR5T2_HUMAN			175.1	263.83	-126
OR5T3	OR5T3	olfactory2	Q8NGG3	OR5T3_HUMAN			161.83	275.92	170
OR5V1	OR5V1	olfactory2	Q9UGF6	OR5V1_HUMAN			290.78	250.78	-177
OR5W2	OR5W2	olfactory2	Q8NH69	OR5W2_HUMAN			218.69	302.44	41
OR6A2	OR6A2	olfactory2	O95222	OR6A2_HUMAN			283.52	149.88	-166
OR6B1	OR6B1	olfactory2	O95007	OR6B1_HUMAN			296.28	167.54	131
OR6B2	OR6B2	olfactory2	Q6IFH4	OR6B2_HUMAN			304.69	178.52	103
OR6B3	OR6B3	olfactory2	Q8NGW1	OR6B3_HUMAN			315.24	176.17	55
OR6C1	OR6C1	olfactory2	Q96RD1	OR6C1_HUMAN			199.67	126.04	-167
OR6C2	OR6C2	olfactory2	Q9NZP2	OR6C2_HUMAN			181.6	159.82	136
OR6C3	OR6C3	olfactory2	Q9NZP0	OR6C3_HUMAN			206.32	117.52	-119
OR6C4	OR6C4	olfactory2	Q8NGE1	OR6C4_HUMAN			219.99	150.26	148
OR6C6	OR6C6	olfactory2	A6NF89	OR6C6_HUMAN			203.89	157.59	140
OR6C65	OR6C65	olfactory2	A6NJZ3	O6C65_HUMAN			184.92	143.71	170
OR6C68	OR6C68	olfactory2	A6NDL8	O6C68_HUMAN			177.69	149.74	-176
OR6C70	OR6C70	olfactory2	A6NIJ9	O6C70_HUMAN			213.51	162.5	91
OR6C74	OR6C74	olfactory2	A6NCV1	O6C74_HUMAN			195.4	160.72	106
OR6C75	OR6C75	olfactory2	A6NL08	O6C75_HUMAN			205.98	138.35	165
OR6C76	OR6C76	olfactory2	A6NM76	O6C76_HUMAN			187.81	133.3	-142
OR6F1	OR6F1	olfactory2	Q8NGZ6	OR6F1_HUMAN			275.93	118.34	-171
OR6J1	OR6J1	olfactory2	Q8NGC5	OR6J1_HUMAN			232.22	131.65	169
OR6K2	OR6K2	olfactory2	Q8NGY2	OR6K2_HUMAN			278.9	107.06	160
OR6K3	OR6K3	olfactory2	Q8NGY3	OR6K3_HUMAN			299.56	109.74	81
OR6K6	OR6K6	olfactory2	Q8NGW6	OR6K6_HUMAN			286.62	114.63	112
OR6M1	OR6M1	olfactory2	Q8NGM8	OR6M1_HUMAN			234.8	121.16	-144
OR6N1	OR6N1	olfactory2	Q8NGY5	OR6N1_HUMAN			282.99	98.59	145
OR6N2	OR6N2	olfactory2	Q8NGY6	OR6N2_HUMAN			281.32	87.91	-166
OR6P1	OR6P1	olfactory2	Q8NGX9	OR6P1_HUMAN			282.61	169.27	121
OR6Q1	OR6Q1	olfactory2	Q8NGQ2	OR6Q1_HUMAN			295.23	147.11	161
OR6S1	OR6S1	olfactory2	Q8NH40	OR6S1_HUMAN			248.45	124.66	-167
OR6T1	OR6T1	olfactory2	Q8NGN1	OR6T1_HUMAN			237.27	144.43	129
OR6V1	OR6V1	olfactory2	Q8N148	OR6V1_HUMAN			264.7	132.92	171
OR6X1	OR6X1	olfactory2	Q8NH79	OR6X1_HUMAN			257.68	121.56	-169
OR6Y1	OR6Y1	olfactory2	Q8NGX8	OR6Y1_HUMAN			276.67	160.24	169
OR7A10	OR7A10	olfactory2	O76100	OR7AA_HUMAN			245.93	403.35	141
OR7A17	OR7A17	olfactory2	O14581	OR7AH_HUMAN			255.65	408.07	93
OR7A5	OR7A5	olfactory2	Q15622	OR7A5_HUMAN			246.17	389.52	169
OR7C1	OR7C1	olfactory2	O76099	OR7C1_HUMAN			275.81	397.67	45
OR7C2	OR7C2	olfactory2	O60412	OR7C2_HUMAN			265.64	401.33	93
OR7D2	OR7D2	olfactory2	Q96RA2	OR7D2_HUMAN			280.99	378.64	45
OR7D4	OR7D4	olfactory2	Q8NG98	OR7D4_HUMAN			270.81	382.25	93
OR7E24	OR7E24	olfactory2	Q6IFN5	O7E24_HUMAN			260.94	361.84	143
OR7G1	OR7G1	olfactory2	Q8NGA0	OR7G1_HUMAN			237.6	377.53	147
OR7G2	OR7G2	olfactory2	Q8NG99	OR7G2_HUMAN			236.12	366.82	-165
OR7G3	OR7G3	olfactory2	Q8NG95	OR7G3_HUMAN			250.83	381.57	119
OR8A1	OR8A1	olfactory2	Q8NGG7	OR8A1_HUMAN			57.25	230.31	130
OR8B12	OR8B12	olfactory2	Q8NGG6	OR8BC_HUMAN			19.02	211.1	-136
OR8B2	OR8B2	olfactory2	Q96RD0	OR8B2_HUMAN			8.0	230.93	-178
OR8B3	OR8B3	olfactory2	Q8NGG8	OR8B3_HUMAN			12.42	240.79	133
OR8B4	OR8B4	olfactory2	Q96RC9	OR8B4_HUMAN			26.25	240.97	103
OR8B8	OR8B8	olfactory2	Q15620	OR8B8_HUMAN			15.05	221.14	176
OR8D1	OR8D1	olfactory2	Q8WZ84	OR8D1_HUMAN			38.0	213.51	-171
OR8D2	OR8D2	olfactory2	Q9GZM6	OR8D2_HUMAN			44.12	204.6	-123
OR8D4	OR8D4	olfactory2	Q8NGM9	OR8D4_HUMAN			61.48	211.65	-153
OR8G1	OR8G1	olfactory2	Q15617	OR8G1_HUMAN			43.5	242.59	97
OR8G5	OR8G5	olfactory2	Q8NG78	OR8G5_HUMAN			34.45	236.7	146
OR8H1	OR8H1	olfactory2	Q8NGG4	OR8H1_HUMAN			133.38	263.28	173
OR8H2	OR8H2	olfactory2	Q8N162	OR8H2_HUMAN			132.15	277.06	145
OR8H3	OR8H3	olfactory2	Q8N146	OR8H3_HUMAN			141.51	282.46	97
OR8I2	OR8I2	olfactory2	Q8N0Y5	OR8I2_HUMAN			155.36	268.3	74
OR8J1	OR8J1	olfactory2	Q8NGP2	OR8J1_HUMAN			83.54	253.35	-171
OR8J2	OR8J2	olfactory2	Q8NGG1	OR8J2_HUMAN			93.99	244.29	-143
OR8J3	OR8J3	olfactory2	Q8NGG0	OR8J3_HUMAN			86.52	263.74	141
OR8K1	OR8K1	olfactory2	Q8NGG5	OR8K1_HUMAN			93.65	228.49	-116
OR8K3	OR8K3	olfactory2	Q8NH51	OR8K3_HUMAN			86.97	236.99	-165
OR8K5	OR8K5	olfactory2	Q8NH50	OR8K5_HUMAN			107.11	231.67	-89
OR8S1	OR8S1	olfactory2	Q8NH09	OR8S1_HUMAN			293.98	268.27	104
OR8U1	OR8U1	olfactory2	Q8NH10	OR8U1_HUMAN			113.29	287.57	83
OR8U3	OR8U3	olfactory2	Q8NH85	OR5R1_HUMAN			103.3	258.66	179
OR8U8	OR8U8	olfactory2	P0C7N1	OR8U8_HUMAN			103.07	284.07	132
OR8U9	OR8U9	olfactory2	P0C7N5	OR8U9_HUMAN			122.86	277.58	56
OR9A2	OR9A2	olfactory2	Q8NGT5	OR9A2_HUMAN			264.12	146.74	143
OR9A4	OR9A4	olfactory2	Q8NGU2	OR9A4_HUMAN			273.72	151.7	95
OR9G1	OR9G1	olfactory2	Q8NH87	OR9G1_HUMAN			71.06	237.16	155
OR9G4	OR9G4	olfactory2	Q8NGQ1	OR9G4_HUMAN			74.47	223.75	-178
OR9G9	OR9G9	olfactory2	P0C7N8	OR9G9_HUMAN			79.44	243.98	106
OR9I1	OR9I1	olfactory2	Q8NGQ6	OR9I1_HUMAN			231.92	259.54	165
OR9K2	OR9K2	olfactory2	Q8NGE7	OR9K2_HUMAN			268.5	252.47	98
OR9Q1	OR9Q1	olfactory2	Q8NGQ5	OR9Q1_HUMAN			232.77	273.35	137
OR9Q2	OR9Q2	olfactory2	Q8NGE9	OR9Q2_HUMAN			242.84	277.28	89
