gene	synonym
ACKR1	CCBP1
ACKR1	CD234
ACKR1	DARC
ACKR1	DFY
ACKR1	FY
ACKR1	GPD
ACKR2	CMKBR9
ACKR2	D6
ACKR3	CMKOR1
ACKR3	CXCR7
ACKR3	GPR159
ACKR4	CCBP2
ACKR4	CCX-CKR
ACKR4	PPR1
ACKR4	VSHK1
ADCYAP1R1	PAC1
ADCYAP1R1	PAC1R
ADCYAP1R1	PACAPR
ADCYAP1R1	PACR
ADGRA1	AGRA1
ADGRA1	GPR123
ADGRA1	KIAA1828
ADGRA2	AGRA2
ADGRA2	DKFZP434C211
ADGRA2	DKFZP434J0911
ADGRA2	FLJ14390
ADGRA2	GPR124
ADGRA2	KIAA1531
ADGRA2	TEM5
ADGRA3	AGRA3
ADGRA3	FLJ38547
ADGRA3	GPR125
ADGRA3	PGR21
ADGRA3	UNQ556/PRO1113
ADGRB1	BAI1
ADGRB2	AGRB2
ADGRB2	BAI2
ADGRB3	AGRB3
ADGRB3	BAI3
ADGRB3	KIAA0550
ADGRD1	AGRD1
ADGRD1	DKFZP434B1272
ADGRD1	GPR133
ADGRD1	PGR25
ADGRD2	AGRD2
ADGRD2	GPR144
ADGRD2	PGR24
ADGRE1	AGRE1
ADGRE1	EMR1
ADGRE1	TM7LN3
ADGRE2	AGRE2
ADGRE2	CD312
ADGRE2	EMR2
ADGRE3	AGRE3
ADGRE3	EMR3
ADGRE3	UNQ683/PRO1562
ADGRE4P	ADGRE4
ADGRE4P	AGRE4
ADGRE4P	EMR4
ADGRE4P	EMR4P
ADGRE4P	GPR127
ADGRE4P	PGR16
ADGRE5	AGRE5
ADGRE5	CD97
ADGRE5	TM7LN1
ADGRF1	AGRF1
ADGRF1	GPR110
ADGRF1	HGPCR36
ADGRF1	PGR19
ADGRF2	AGRF2
ADGRF2	GPR111
ADGRF2	HGPCR35
ADGRF2	PGR20
ADGRF3	AGRF3
ADGRF3	GPR113
ADGRF3	HGPCR37
ADGRF3	PGR23
ADGRF3	UNQ9196/PRO34000
ADGRF4	AGRF4
ADGRF4	FLJ38076
ADGRF4	GPR115
ADGRF4	PGR18
ADGRF5	AGRF5
ADGRF5	DKFZP564O1923
ADGRF5	GPR116
ADGRF5	KIAA0758
ADGRG1	AGRG1
ADGRG1	GPR56
ADGRG1	TM7LN4
ADGRG1	TM7XN1
ADGRG1	UNQ540/PRO1083
ADGRG2	AGRG2
ADGRG2	EDDM6
ADGRG2	GPR64
ADGRG2	HE6
ADGRG2	TM7LN2
ADGRG3	AGRG3
ADGRG3	GPR97
ADGRG3	PB99
ADGRG3	PGR26
ADGRG4	AGRG4
ADGRG4	GPR112
ADGRG4	PGR17
ADGRG4	RP1-299I16
ADGRG5	AGRG5
ADGRG5	GPR114
ADGRG5	PGR27
ADGRG5	UNQ2524/PRO6017
ADGRG6	AGRG6
ADGRG6	DREG
ADGRG6	FLJ14937
ADGRG6	GPR126
ADGRG6	VIGR
ADGRG7	AGRG7
ADGRG7	FLJ14454
ADGRG7	GPR128
ADGRL1	AGRL1
ADGRL1	CIRL1
ADGRL1	KIAA0821
ADGRL1	LEC2
ADGRL1	LPHN1
ADGRL2	AGRL2
ADGRL2	KIAA0786
ADGRL2	LEC1
ADGRL2	LPHH1
ADGRL2	LPHN2
ADGRL3	AGRL3
ADGRL3	KIAA0768
ADGRL3	LEC3
ADGRL3	LPHN3
ADGRL4	AGRL4
ADGRL4	ELTD1
ADGRL4	ETL
ADGRL4	UNQ202/PRO228
ADGRV1	DKFZP761P0710
ADGRV1	FEB4
ADGRV1	GPR98
ADGRV1	KIAA0686
ADGRV1	KIAA1943
ADGRV1	MASS1
ADGRV1	USH2C
ADGRV1	VLGR1
ADORA1	AA1R
ADORA1	RDC7
ADORA2A	AA2AR
ADORA2A	ADORA2
ADORA2A	RDC8
ADORA2B	AA2BR
ADORA3	AA3R
ADORA3	AD026
ADRA1A	ADA1A
ADRA1A	ADRA1C
ADRA1A	ADRA1L1
ADRA1B	ADA1B
ADRA1D	ADA1D
ADRA1D	ADRA1
ADRA1D	ADRA1R
ADRA2A	ADA2A
ADRA2A	ADRA2
ADRA2A	ADRA2R
ADRA2A	ADRAR
ADRA2B	ADA2B
ADRA2B	ADRA2L1
ADRA2B	ADRA2RL1
ADRA2B	ADRARL1
ADRA2C	ADA2C
ADRA2C	ADRA2L2
ADRA2C	ADRA2RL2
ADRA2C	ADRARL2
ADRB1	ADRB1R
ADRB1	B1AR
ADRB2	ADRB2R
ADRB2	ADRBR
ADRB2	B2AR
ADRB2	BAR
ADRB3	ADRB3R
ADRB3	B3AR
AGTR1	AG2S
AGTR1	AGTR1A
AGTR1	AGTR1B
AGTR1	AT1
AGTR1	AT1B
AGTR1	AT2R1
AGTR1	AT2R1A
AGTR1	AT2R1B
AGTR1	HAT1R
AGTR2	AT2
AGTR2	MRX88
APLNR	AGTRL1
APLNR	APJ
APLNR	APJR
APLNR	FLJ90771
AVPR1A	AVPR1
AVPR1A	V1AR
AVPR1B	AVPR3
AVPR1B	V1BR
AVPR1B	VPR3
AVPR2	ADHR
AVPR2	DIR
AVPR2	DIR3
AVPR2	V2R
BDKRB1	B1BKR
BDKRB1	BKR1
BDKRB1	BKRB1
BDKRB1	BRADYB1
BDKRB2	BK-2
BDKRB2	BKR2
BDKRB2	BKRB2
BRS3	BB3
BRS3	BB3R
C3AR1	AZ3B
C3AR1	C3AR
C3AR1	C3R1
C3AR1	HNFAG09
C5AR1	C5A
C5AR1	C5AR
C5AR1	C5R1
C5AR1	CD88
C5AR2	C5L2
C5AR2	GPR77
CALCR	CTR
CALCRL	CALRL
CALCRL	CGRPR
CALCRL	CRLR
CASR	FHH
CASR	GPRC2A
CASR	HHC
CASR	HHC1
CASR	NSHPT
CASR	PCAR1
CCKAR	CCKRA
CCKBR	CCKRB
CCKBR	GASR
CCR1	CD191
CCR1	CMKBR1
CCR1	CMKR1
CCR1	MIP1AR
CCR1	SCYAR1
CCR10	GPR2
CCR2	CC-CKR-2
CCR2	CD192
CCR2	CKR2
CCR2	CMKBR2
CCR2	FLJ78302
CCR2	MCP-1-R
CCR3	CC-CKR-3
CCR3	CD193
CCR3	CKR3
CCR3	CMKBR3
CCR4	CC-CKR-4
CCR4	CD194
CCR4	CHEMR13
CCR4	CKR4
CCR4	CMKBR4
CCR4	K5-5
CCR5	CC-CKR-5
CCR5	CD195
CCR5	CKR-5
CCR5	CKR5
CCR5	CMKBR5
CCR5	IDDM22
CCR6	BN-1
CCR6	CD196
CCR6	CKR-L3
CCR6	CKRL3
CCR6	CMKBR6
CCR6	DCR2
CCR6	DRY-6
CCR6	GPR-CY4
CCR6	GPR29
CCR6	STRL22
CCR7	BLR2
CCR7	CD197
CCR7	CDW197
CCR7	CMKBR7
CCR7	EBI1
CCR7	EVI1
CCR8	CDW198
CCR8	CKR-L1
CCR8	CKRL1
CCR8	CMKBR8
CCR8	CMKBRL2
CCR8	CY6
CCR8	GPR-CY6
CCR8	TER1
CCR9	CDW199
CCR9	GPR-9-6
CCR9	GPR28
CCRL2	ACKR5
CCRL2	CCR11
CCRL2	CKRX
CCRL2	CRAM
CCRL2	CRAM-A
CCRL2	CRAM-B
CCRL2	HCR
CELSR1	ADGRC1
CELSR1	CDHF9
CELSR1	CELR1
CELSR1	FMI2
CELSR1	HFMI2
CELSR1	ME2
CELSR2	ADGRC2
CELSR2	CDHF10
CELSR2	CELR2
CELSR2	EGFL2
CELSR2	FLAMINGO1
CELSR2	KIAA0279
CELSR2	MEGF3
CELSR3	ADGRC3
CELSR3	CDHF11
CELSR3	CELR3
CELSR3	EGFL1
CELSR3	FMI1
CELSR3	HFMI1
CELSR3	KIAA0812
CELSR3	MEGF2
CHRM1	ACM1
CHRM2	ACM2
CHRM3	ACM3
CHRM4	ACM4
CHRM5	ACM5
CMKLR1	CHEMR23
CMKLR1	CML1
CMKLR1	DEZ
CMKLR1	RVER1
CNR1	CANN6
CNR1	CB-R
CNR1	CB1
CNR1	CB1A
CNR1	CB1K5
CNR1	CNR
CNR2	CB2
CNR2	CB2A
CNR2	CB2B
CRHR1	CRF-R
CRHR1	CRF1
CRHR1	CRFR
CRHR1	CRFR1
CRHR1	CRHR
CRHR2	CRF-RB
CRHR2	CRF2
CRHR2	CRF2R
CRHR2	CRFR2
CRHR2	CRH2R
CRHR2	HM-CRF
CX3CR1	CCRL1
CX3CR1	CMKBRL1
CX3CR1	CMKDR1
CX3CR1	CX3C1
CX3CR1	GPR13
CX3CR1	V28
CXCR1	CD181
CXCR1	CDW128A
CXCR1	CKR-1
CXCR1	CMKAR1
CXCR1	IL8RA
CXCR2	CD182
CXCR2	CMKAR2
CXCR2	IL8RB
CXCR3	CD183
CXCR3	CKR-L2
CXCR3	CMKAR3
CXCR3	GPR9
CXCR3	IP10-R
CXCR3	MIGR
CXCR4	CD184
CXCR4	D2S201E
CXCR4	FUSIN
CXCR4	HM89
CXCR4	HSY3RR
CXCR4	LESTR
CXCR4	NPY3R
CXCR4	NPYR
CXCR4	NPYY3R
CXCR5	BLR1
CXCR5	CD185
CXCR5	MDR15
CXCR6	BONZO
CXCR6	CD186
CXCR6	STRL33
CXCR6	TYMSTR
CYSLTR1	CLTR1
CYSLTR1	CYSLT(1)
CYSLTR1	CYSLT1
CYSLTR1	CYSLT1R
CYSLTR2	CLTR2
CYSLTR2	CYSLT(2)
CYSLTR2	CYSLT2
CYSLTR2	CYSLT2R
CYSLTR2	PSEC0146
DRD5	DRD1B
DRD5	DRD1L2
EDNRA	ETA
EDNRA	ETRA
EDNRB	ETB
EDNRB	ETRB
EDNRB	HSCR
EDNRB	HSCR2
F2R	CF2R
F2R	PAR-1
F2R	PAR1
F2R	TR
F2RL1	GPR11
F2RL1	PAR2
F2RL2	PAR3
F2RL3	PAR4
FFAR1	FFA1R
FFAR1	GPR40
FFAR2	FFA2
FFAR2	FFA2R
FFAR2	GPCR43
FFAR2	GPR43
FFAR3	FFA3R
FFAR3	GPR41
FFAR4	GPR120
FFAR4	GPR129
FFAR4	PGR4
FPR1	FMLP
FPR1	FPR
FPR2	ALXR
FPR2	FMLP-R-II
FPR2	FMLPX
FPR2	FPR2A
FPR2	FPRH2
FPR2	FPRL1
FPR2	HM63
FPR2	LXA4R
FPR3	FMLPY
FPR3	FPRH1
FPR3	FPRL2
FPR3	RMLP-R-I
FSHR	FSHRO
FSHR	LGR1
FSHR	ODG1
FZD1	DKFZP564G072
FZD10	CD350
FZD4	CD344
FZD4	EVR1
FZD5	C2ORF31
FZD5	DKFZP434E2135
FZD5	HFZ5
FZD6	HFZ6
FZD7	FZE3
FZD9	CD349
GABBR1	GABR1
GABBR1	GPRC3A
GABBR1	HGB1A
GABBR2	GABABR2
GABBR2	GABR2
GABBR2	GPR51
GABBR2	GPRC3B
GABBR2	HG20
GALR1	GALNR
GALR1	GALNR1
GALR2	GALNR2
GALR3	GALNR3
GCGR	GGR
GCGR	GLR
GLP1R	GLP-1R
GNRHR	GRHR
GNRHR2	GNRR2
GPBAR1	BG37
GPBAR1	GPBAR
GPBAR1	GPCR19
GPBAR1	GPR131
GPBAR1	M-BAR
GPBAR1	MGC40597
GPBAR1	TGR5
GPER1	CEPR
GPER1	CMKRL2
GPER1	DRY12
GPER1	FEG-1
GPER1	GPCR-BR
GPER1	GPER
GPER1	GPR30
GPER1	LERGU
GPER1	LERGU2
GPER1	LYGPR
GPR101	GP101
GPR107	FLJ20998
GPR107	GP107
GPR107	KIAA1624
GPR107	LUSTR1
GPR107	RP11-88G17
GPR108	GP108
GPR108	LUSTR2
GPR119	GP119
GPR119	GPCR2
GPR119	HGPCR2
GPR12	GPCR21
GPR12	PPP1R84
GPR132	G2A
GPR132	GP132
GPR135	GP135
GPR135	HUMNPIIY20
GPR137	C11ORF4
GPR137	G137A
GPR137	GPR137A
GPR137	TM7SF1L1
GPR139	GP139
GPR139	GPRG1
GPR139	PGR3
GPR141	GP141
GPR141	PGR13
GPR142	GP142
GPR142	PGR2
GPR143	GP143
GPR143	OA1
GPR146	GP146
GPR146	PGR8
GPR148	BTR
GPR148	GP148
GPR148	PGR6
GPR149	GP149
GPR149	IEDA
GPR149	PGR10
GPR149	R35
GPR150	GP150
GPR150	PGR11
GPR151	GALR4
GPR151	GP151
GPR151	PGR7
GPR152	GP152
GPR152	PGR5
GPR153	GP153
GPR153	PGR1
GPR156	GABABL
GPR156	GP156
GPR156	PGR28
GPR157	FLJ12132
GPR157	GP157
GPR158	GP158
GPR158	KIAA1136
GPR160	GP160
GPR160	GPCR1
GPR160	GPCR150
GPR161	GP161
GPR161	RE2
GPR162	A-2
GPR162	GP162
GPR162	GRCA
GPR171	GP171
GPR171	H963
GPR173	GP173
GPR173	SREB3
GPR174	FKSG79
GPR174	GP174
GPR174	GPCR17
GPR176	GM1012
GPR176	GP176
GPR179	CSNB1E
GPR179	GP179
GPR179	GPR158L
GPR179	GPR158L1
GPR18	GPCRW
GPR182	ADMR
GPR182	AM-R
GPR182	G10D
GPR182	GP182
GPR182	HRHAMR
GPR183	EBI2
GPR183	GP183
GPR27	SREB1
GPR3	ACCA
GPR31	12-HETER
GPR31	HETER1
GPR32	RVDR1
GPR37	EDNRBL
GPR37	HET(B)R-LP
GPR37	PAELR
GPR37L1	ETBR-LP-2
GPR37L1	ETBR2
GPR37L1	ETBRLP2
GPR42	FFAR3L
GPR42	GPR41L
GPR42	GPR42P
GPR45	PSP24
GPR45	PSP24A
GPR50	H9
GPR50	MEL1C
GPR50	MTR1L
GPR61	BALGR
GPR63	PSP24(BETA)
GPR63	PSP24B
GPR65	HTDAG8
GPR65	PSYR
GPR65	TDAG8
GPR68	OGR1
GPR75	WI-31133
GPR78	UNQ5925/PRO19818
GPR83	GPR72
GPR83	KIAA1540
GPR84	EX33
GPR85	SREB2
GPR87	FKSG78
GPR87	GPR95
GPR88	STRG
GPRC5A	GPCR5A
GPRC5A	PEIG-1
GPRC5A	RAI3
GPRC5A	RAIG1
GPRC5A	TIG1
GPRC5B	GPC5B
GPRC5B	RAIG-2
GPRC5B	RAIG2
GPRC5C	GPC5C
GPRC5C	PSEC0087
GPRC5C	RAIG-3
GPRC5C	RAIG3
GPRC5D	GPC5D
GPRC6A	BA86F4.3
GPRC6A	GPC6A
GRM1	GPRC1A
GRM1	MGLU1
GRM1	MGLUR1
GRM1	PPP1R85
GRM2	GPRC1B
GRM2	MGLU2
GRM2	MGLUR2
GRM3	GPRC1C
GRM3	MGLU3
GRM3	MGLUR3
GRM4	GPRC1D
GRM4	MGLU4
GRM4	MGLUR4
GRM5	GPRC1E
GRM5	MGLU5
GRM5	MGLUR5
GRM5	PPP1R86
GRM6	CSNB1B
GRM6	GPRC1F
GRM6	MGLU6
GRM6	MGLUR6
GRM7	GLUR7
GRM7	GPRC1G
GRM7	MGLU7
GRM7	MGLUR7
GRM7	PPP1R87
GRM8	GLUR8
GRM8	GPRC1H
GRM8	MGLU8
GRM8	MGLUR8
GRPR	BB2
GRPR	BB2R
HCAR1	FKSG80
HCAR1	GPR104
HCAR1	GPR81
HCAR1	HCA1
HCAR1	LACR1
HCAR1	TA-GPCR
HCAR2	GPR109A
HCAR2	HCA2
HCAR2	HM74A
HCAR2	NIACR1
HCAR2	PUMA-G
HCAR2	PUMAG
HCAR3	GPR109B
HCAR3	HCA3
HCAR3	HM74
HCAR3	HM74B
HCAR3	NIACR2
HCRTR1	OX1R
HCRTR2	OX2R
HRH3	GPCR97
HRH4	AXOR35
HRH4	GPCR105
HRH4	GPRV53
HRH4	H4R
HRH4	HH4R
HTR1A	5-HT1A
HTR1A	5HT1A
HTR1A	ADRB2RL1
HTR1A	ADRBRL1
HTR1B	5-HT1B
HTR1B	5-HT1DB
HTR1B	5HT1B
HTR1B	HTR1D2
HTR1B	HTR1DB
HTR1B	S12
HTR1D	5-HT1D
HTR1D	5HT1D
HTR1D	HT1DA
HTR1D	HTR1DA
HTR1D	HTRL
HTR1D	RDC4
HTR1E	5-HT1E
HTR1E	5HT1E
HTR1F	5-HT1F
HTR1F	5HT1F
HTR1F	HTR1EL
HTR2A	5-HT2A
HTR2A	5HT2A
HTR2A	HTR2
HTR2B	5-HT(2B)
HTR2B	5-HT2B
HTR2B	5HT2B
HTR2C	5-HT2C
HTR2C	5HT2C
HTR2C	5HTR2C
HTR2C	HTR1C
HTR4	5-HT4
HTR4	5HT4R
HTR5A	5-HT5A
HTR5A	5HT5A
HTR6	5-HT6
HTR6	5-HT6R
HTR6	5HT6R
HTR7	5-HT7
HTR7	5HT7R
KISS1R	AXOR12
KISS1R	GPR54
KISS1R	HOT7T175
KISS1R	KISSR
LGR4	GPR48
LGR5	FEX
LGR5	GPR49
LGR5	GPR67
LGR5	HG38
LGR6	FLJ14471
LGR6	UNQ6427/PRO21331
LGR6	VTS20631
LHCGR	HHG
LHCGR	LCGR
LHCGR	LGR2
LHCGR	LHR
LHCGR	LHRHR
LHCGR	LSHR
LHCGR	ULG5
LPAR1	EDG-2
LPAR1	EDG2
LPAR1	GPCR26
LPAR1	LPA1
LPAR1	MREC1.3
LPAR1	REC.1.3
LPAR1	VZG-1
LPAR2	EDG-4
LPAR2	EDG4
LPAR2	LPA2
LPAR3	EDG-7
LPAR3	EDG7
LPAR3	HOFNH30
LPAR3	LP-A3
LPAR3	LPA3
LPAR3	RP4-678I3
LPAR4	GPR23
LPAR4	LPA4
LPAR4	P2RY9
LPAR4	P2Y5-LIKE
LPAR4	P2Y9
LPAR5	GPR92
LPAR5	GPR93
LPAR5	KPG_010
LPAR5	LPA5
LPAR6	P2RY5
LPAR6	P2Y5
LTB4R	BLT
LTB4R	BLT1
LTB4R	BLTR
LTB4R	CMKRL1
LTB4R	GPR16
LTB4R	LT4R1
LTB4R	LTB4R1
LTB4R	P2RY7
LTB4R	P2Y7
LTB4R2	BLT2
LTB4R2	BLT2R
LTB4R2	BLTR2
LTB4R2	JULF2
LTB4R2	LT4R2
LTB4R2	NOP9
MAS1	MAS
MAS1L	DJ994E9.2
MAS1L	MAS-L
MAS1L	MRG
MC1R	MSH-R
MC1R	MSHR
MC2R	ACTHR
MC3R	MC3
MCHR1	GPR24
MCHR1	MCH1R
MCHR1	SLC1
MCHR2	GPR145
MCHR2	MCH2
MCHR2	MCH2R
MCHR2	SLT
MLNR	GPR38
MLNR	MTLR
MLNR	MTLR1
MRGPRD	MRGD
MRGPRD	MRGRD
MRGPRE	GPR167
MRGPRE	MRGE
MRGPRE	MRGRE
MRGPRF	GPR140
MRGPRF	GPR168
MRGPRF	MGC21621
MRGPRF	MRGF
MRGPRF	MRGRF
MRGPRF	PSEC0142
MRGPRG	GPR169
MRGPRG	MRGG
MRGPRG	MRGRG
MRGPRX1	MRGX1
MRGPRX1	SNSR3
MRGPRX1	SNSR4
MRGPRX2	MRGX2
MRGPRX3	MRGX3
MRGPRX3	SNSR1
MRGPRX3	SNSR2
MRGPRX4	MRGX4
MRGPRX4	SNSR5
MRGPRX4	SNSR6
MTNR1A	MEL-1A-R
MTNR1A	MTR1A
MTNR1B	MTR1B
NMBR	BB1
NMBR	BB1R
NMUR1	FM-3
NMUR1	GPC-R
NMUR1	GPR66
NMUR1	NMU1R
NMUR2	NMU2R
NMUR2	TGR1
NPBWR1	GPR7
NPBWR1	NPBW1
NPBWR2	GPR8
NPBWR2	NPBW2
NPFFR1	GPR147
NPFFR1	NPFF1
NPFFR1	NPFF1R1
NPFFR1	OT7T022
NPFFR2	GPR74
NPFFR2	NPFF2
NPFFR2	NPGPR
NPSR1	GPR154
NPSR1	GPRA
NPSR1	PGR14
NPY1R	NPYY1
NPY4R	PP1
NPY4R	PPYR1
NPY4R	Y4
NPY5R	NPYR5
NPY6R	NPY1RL
NPY6R	NPY6RP
NPY6R	PP2
NPY6R	Y2B
NTSR1	NTR
NTSR1	NTR1
NTSR1	NTRR
NTSR2	NTR2
OPN1LW	CBP
OPN1LW	OPSR
OPN1LW	RCP
OPN1MW	CBBM
OPN1MW	CBD
OPN1MW	COD5
OPN1MW	GCP
OPN1MW	OPN1MW1
OPN1MW	OPSG
OPN1SW	BCP
OPN1SW	BOP
OPN1SW	CBT
OPN1SW	OPSB
OPN3	ECPN
OPN3	ENCEPHALOPSIN
OPN3	ERO
OPN3	NMO-1
OPN3	PPP1R116
OPN4	MELANOPSIN
OPN4	MOP
OPN5	DJ402H5.1
OPN5	GPR136
OPN5	NEUROPSIN
OPN5	PGR12
OPN5	TMEM13
OPRD1	OPRD
OPRK1	KOR
OPRK1	OPRK
OPRL1	KOR-3
OPRL1	NOCIR
OPRL1	NOPR
OPRL1	OOR
OPRL1	OPRX
OPRL1	ORL1
OPRM1	MOR1
OPRM1	OPRM
OXER1	GPCR
OXER1	GPR170
OXER1	TG1019
OXGR1	AKGR
OXGR1	GPR80
OXGR1	GPR99
OXGR1	P2Y15
OXTR	OXYR
P2RY1	P2Y1
P2RY1	SARCC
P2RY10	P2Y10
P2RY11	P2Y11
P2RY12	HORK3
P2RY12	P2Y12
P2RY12	SP1999
P2RY13	FKSG77
P2RY13	GPR86
P2RY13	GPR94
P2RY13	P2Y13
P2RY14	GPR105
P2RY14	KIAA0001
P2RY14	P2Y14
P2RY2	P2RU1
P2RY2	P2U
P2RY4	NRU
P2RY4	P2P
P2RY4	P2Y4
P2RY4	UNR
P2RY6	P2Y6
P2RY6	PP2891
P2RY8	P2Y8
PRLHR	GPR10
PRLHR	GR3
PRLHR	PRRPR
PROKR1	GPR73
PROKR1	GPR73A
PROKR1	PKR1
PROKR1	ZAQ
PROKR2	DJ680N4.3
PROKR2	GPR73B
PROKR2	GPR73L1
PROKR2	GPRG2
PROKR2	KAL3
PROKR2	PKR2
PTAFR	PAFR
PTGDR	DP
PTGDR	DP1
PTGDR	PD2R
PTGDR	PTGDR1
PTGDR2	CD294
PTGDR2	CRTH2
PTGDR2	DL1R
PTGDR2	DP2
PTGDR2	GPR44
PTGDR2	PD2R2
PTGER1	EP1
PTGER1	PE2R1
PTGER2	EP2
PTGER2	PE2R2
PTGER3	EP3
PTGER3	PE2R3
PTGER4	EP4
PTGER4	PE2R4
PTGFR	FP
PTGFR	PF2R
PTGIR	IP
PTGIR	PI2R
PTGIR	PRIPR
PTH1R	PTHR
PTH1R	PTHR1
PTH2R	PTHR2
QRFPR	GPR103
RGR	RP44
RHO	CSNBAD1
RHO	OPN2
RHO	OPSD
RHO	RP4
RRH	OPSX
RRH	PEROPSIN
RXFP1	LGR7
RXFP1	RXFPR1
RXFP2	GPR106
RXFP2	GREAT
RXFP2	INSL3R
RXFP2	LGR8
RXFP2	RXFPR2
RXFP3	GPCR135
RXFP3	RL3R1
RXFP3	RLN3R1
RXFP3	RXFPR3
RXFP3	SALPR
RXFP4	GPCR142
RXFP4	GPR100
RXFP4	RL3R2
RXFP4	RLN3R2
RXFP4	RXFPR4
S1PR1	CD363
S1PR1	CHEDG1
S1PR1	D1S3362
S1PR1	EDG-1
S1PR1	EDG1
S1PR2	AGR16
S1PR2	DFNB68
S1PR2	EDG5
S1PR2	GPCR13
S1PR2	H218
S1PR3	EDG-3
S1PR3	EDG3
S1PR4	EDG6
S1PR5	EDG-8
S1PR5	EDG8
SMO	FZD11
SMO	SMOH
SSTR1	SSR1
SSTR2	SSR2
SSTR3	SSR3
SSTR4	SSR4
SSTR5	SSR5
SUCNR1	GPR91
SUCNR1	SUCR1
TAAR1	TA1
TAAR1	TAR1
TAAR1	TRAR1
TAAR2	GPR58
TAAR3P	GPR57
TAAR3P	TAAR3
TAAR5	PNR
TAAR6	TA4
TAAR6	TAR4
TAAR6	TRAR4
TAAR8	GPR102
TAAR8	TA5
TAAR8	TAR5
TAAR8	TRAR5
TAAR9	TA3
TAAR9	TAR3
TAAR9	TRAR3
TACR1	NK1R
TACR1	NKIR
TACR1	SPR
TACR1	TAC1R
TACR2	NK2R
TACR2	NKNAR
TACR2	SKR
TACR2	TAC2R
TACR3	NK3R
TACR3	TAC3R
TAS1R1	GM148
TAS1R1	GPR70
TAS1R1	T1R1
TAS1R1	TR1
TAS1R1	TS1R1
TAS1R2	GPR71
TAS1R2	T1R2
TAS1R2	TR2
TAS1R2	TS1R2
TAS1R3	T1R3
TAS1R3	TR3
TAS1R3	TS1R3
TAS2R1	T2R1
TAS2R1	TA2R1
TAS2R1	TRB7
TAS2R10	T2R10
TAS2R10	TRB2
TAS2R13	T2R13
TAS2R13	TRB3
TAS2R14	T2R14
TAS2R14	TRB1
TAS2R16	T2R16
TAS2R19	T2R19
TAS2R19	T2R23
TAS2R19	TAS2R23
TAS2R19	TAS2R48
TAS2R20	T2R20
TAS2R20	T2R56
TAS2R20	TAS2R49
TAS2R3	T2R3
TAS2R3	TA2R3
TAS2R30	T2R30
TAS2R30	TAS2R47
TAS2R31	T2R31
TAS2R31	T2R53
TAS2R31	TAS2R44
TAS2R38	PTC
TAS2R38	T2R38
TAS2R38	T2R61
TAS2R39	T2R39
TAS2R4	T2R4
TAS2R4	TA2R4
TAS2R40	GPR60
TAS2R40	T2R40
TAS2R41	T2R41
TAS2R41	T2R59
TAS2R42	HT2R55
TAS2R42	T2R24
TAS2R42	T2R42
TAS2R42	T2R55
TAS2R42	TAS2R55
TAS2R43	T2R43
TAS2R43	T2R52
TAS2R45	GPR59
TAS2R45	T2R45
TAS2R45	ZG24P
TAS2R46	T2R46
TAS2R46	T2R54
TAS2R5	T2R5
TAS2R5	TA2R5
TAS2R50	T2R50
TAS2R50	T2R51
TAS2R60	T2R60
TAS2R7	T2R7
TAS2R7	TA2R7
TAS2R7	TRB4
TAS2R8	T2R8
TAS2R8	TA2R8
TAS2R8	TRB5
TAS2R9	T2R9
TAS2R9	TA2R9
TAS2R9	TRB6
TBXA2R	TA2R
TPRA1	FLJ32197
TPRA1	GPR175
TPRA1	PP6566
TPRA1	TMEM227
TPRA1	TPRA40
TRHR	TRFR
TSHR	LGR3
UTS2R	GPR14
UTS2R	UR2R
VIPR1	HVR1
VIPR1	RDC1
VIPR1	VPAC1
VIPR1	VPAC1R
VIPR2	VIP2R
VIPR2	VPAC2
VIPR2	VPAC2R
XCR1	CCXCR1
XCR1	GPR5
